{"method": "Zhao-Burge", "version": "2", "xfvc_scale": -5400, "yfvc_scale": 5400, "xfvc_offset": 6000, "yfvc_offset": 2500, "scale": 1.0219776167626735, "rotation": 0.021901258608637588, "offset_x": -0.012101599956495424, "offset_y": -0.021637911755826626, "zbpolids": [0, 1, 2, 3, 4, 5, 6, 9, 20, 27, 28, 29, 30], "zbcoeffs": [0.0, 0.0, 0.0, 0.0, 0.0, 0.0, 0.0, 0.0, 0.0, 0.0, 0.0, 0.0, 0.0, 0.0]}