{"method": "Zhao-Burge", "version": "2", "xfvc_scale": -5400, "yfvc_scale": 5400, "xfvc_offset": 6000, "yfvc_offset": 2500, "scale": 1.0217559914190462, "rotation": 0.021659059501757418, "offset_x": -0.011840396577917849, "offset_y": -0.021565748375313446, "zbpolids": [0, 1, 2, 3, 4, 5, 6, 9, 20, 27, 28, 29, 30], "zbcoeffs": [-0.0026189119094739755, 0.00015873315687261344, 0.002234310296810987, -0.00015861469706323345, 0.0008465937848420337, 0.0002501894197526151, -0.001035195085972924, 0.00019125253333056864, 2.4274170911991677e-05, -8.130017470387785e-06, -0.0005966212896988929, 0.00019134219259990635, -6.596031853481452e-05]}