{"method": "Zhao-Burge", "version": "2", "xfvc_scale": -5400, "yfvc_scale": 5400, "xfvc_offset": 347.0, "yfvc_offset": 268.0, "scale": 1.0573666876333396, "rotation": -1.5577702907885507, "offset_x": 0.03179837438614754, "offset_y": -0.039914438309869606, "zbpolids": [0, 1, 2, 3, 4, 5, 6, 9, 20, 27, 28, 29, 30], "zbcoeffs": [-0.0034173964359837643, -0.0001976973741357314, 0.002875307055828009, 8.259837671859405e-05, 0.0015979004142563857, 0.0002876758118515732, -0.0016231615481042273, 0.00022737114082760232, 1.9602022917583012e-05, -0.0005390702311105196, -0.0006003901505712002, 0.0004026584359046692, -0.00010115869214472021], "meandistance": 93.47567596596916, "mediandistance": 80.85191881343134, "rmsdistance": 112.83671262873129, "nmatch": 44}