{"method": "Zhao-Burge", "version": "2", "xfvc_scale": 5400, "yfvc_scale": 5400, "xfvc_offset": 5650, "yfvc_offset": 200.0, "scale": 1.062155704691859, "rotation": -1.6241047454926643, "offset_x": 0.03131800574033796, "offset_y": -0.045817951050179447, "zbpolids": [0, 1, 2, 3, 4, 5, 6, 9, 20, 27, 28, 29, 30], "zbcoeffs": [-0.007605300969990481, -0.002377267112693164, 0.008442584507089219, 0.0013212485618036636, 0.0028626240528647237, -0.0007362248313583874, -0.004506203757247111, 0.001153452877174948, -7.572932029436245e-05, -0.0013762995986347749, -0.00035042482327737277, 0.0007575031422987517, -0.00021928121972417296], "meandistance": 29.25061424766529, "mediandistance": 30.874800768648225, "rmsdistance": 32.86400562194298, "nmatch": 44}