{"method": "Zhao-Burge", "version": "2", "xfvc_scale": 5400, "yfvc_scale": 5400, "xfvc_offset": 5650, "yfvc_offset": 200.0, "scale": 1.0622105026130564, "rotation": -1.624138589130151, "offset_x": 0.03134527131037968, "offset_y": -0.045848321343351886, "zbpolids": [0, 1, 2, 3, 4, 5, 6, 9, 20, 27, 28, 29, 30], "zbcoeffs": [-0.008436721684330673, -0.0018045895579783889, 0.00899968811423515, 0.0010503510565219173, 0.0033862118263000935, -0.0004909774943080789, -0.004972141085252812, 0.001371621829123394, -0.0001258397995652674, -0.0012093083646876873, -0.0005935190705369603, 0.0007213722010178711, -0.00019979949609150809], "meandistance": 29.25061424766529, "mediandistance": 30.874800768648225, "rmsdistance": 32.86400562194298, "nmatch": 44}