{"method": "Zhao-Burge", "version": "2", "xfvc_scale": 5400, "yfvc_scale": 5400, "xfvc_offset": 5650, "yfvc_offset": 200.0, "scale": 1.0678052861219567, "rotation": -1.6249097169628883, "offset_x": 0.031934730372992146, "offset_y": -0.05019264999150835, "zbpolids": [0, 1, 2, 3, 4, 5, 6, 7, 8, 9, 10, 11, 12, 13, 14, 15, 20, 27, 28, 29, 30], "zbcoeffs": [0.028333286345611445, 0.012264401581638797, -0.04242077119815356, -0.007091667332778015, -0.006297593865897746, 0.011471102522117632, 0.027317309895488952, -0.001767495509693634, 0.0030969210017365166, -0.015222714975077692, -0.0041751374946498426, -0.0032215892813328823, -0.0021697544161661925, 0.00047979574360605714, 0.005310391743524334, 0.0010219606666295625, -0.0013000660148416044, -0.0016158693821236238, -0.0006029788288047043, 0.0006614703332791673, -0.00020531958635957827], "meandistance": 29.25061424766529, "mediandistance": 30.874800768648225, "rmsdistance": 32.86400562194298, "nmatch": 44}