{"method": "Zhao-Burge", "version": "2", "xfvc_scale": 6300, "yfvc_scale": -6300, "xfvc_offset": -250, "yfvc_offset": 5700, "scale": 1.0020881476747594, "rotation": -0.0023409232797639815, "offset_x": -0.001920379818065167, "offset_y": -0.0014975379363157796, "zbpolids": [0, 1, 2, 3, 4, 5, 6, 27], "zbcoeffs": [-0.0027363517688364894, 0.004768014532360073, 0.0009985522880283952, -0.0029780360866703656, 0.0026667021156085375, 0.0031759797175873726, -0.001370778702264768, -5.486245691033001e-05]}