{"method": "Zhao-Burge", "version": "2", "xfvc_scale": 6300, "yfvc_scale": -6300, "xfvc_offset": -250, "yfvc_offset": 5700, "scale": 1.0025120653034973, "rotation": -0.0022320918885259675, "offset_x": -0.002265116839540612, "offset_y": -0.0016984908698406682, "zbpolids": [0, 1, 2, 3, 4, 5, 6, 9, 20, 27, 28, 29, 30], "zbcoeffs": [-0.0023673427982752546, 0.005717363762285721, 8.397075282713383e-05, -0.0032224511306871463, 0.0027042051600635465, 0.003250752189639937, -0.0009392683489600132, -0.0001223446568912435, 1.2010985529446332e-05, 0.0010909628844375653, -0.000269862726840025, -0.000526452731446215, 0.0002021449820607902]}