{"method": "Zhao-Burge", "version": "2", "xfvc_scale": 6300, "yfvc_scale": -6300, "xfvc_offset": -250, "yfvc_offset": 5700, "scale": 1.00193148603009, "rotation": -0.00222279, "offset_x": -0.0019303258560834635, "offset_y": -0.0019731728559795147, "zbpolids": [0, 1, 2, 3, 4, 5, 9, 27], "zbcoeffs": [0.00038370805875017743, 0.017510258128259425, -0.019366997705717353, -0.000362216792301428, 0.0066241660410393385, 0.010493229407723067, -0.003043220138184875, 1.4912698884092057e-06]}
