{"method": "Zhao-Burge", "version": "2", "xfvc_scale": 6300, "yfvc_scale": -6300, "xfvc_offset": -250, "yfvc_offset": 5700, "scale": 1.0031641862013496, "rotation": -0.0023552304090689773, "offset_x": -0.002856129493586504, "offset_y": -0.0018913214959701684, "zbpolids": [0, 1, 2, 3, 4, 5, 6, 9, 20, 27, 28, 29, 30], "zbcoeffs": [0.00907643363438083, 0.008433026591539418, -0.013970328365758027, -0.005096972401878866, -0.0009028109264728348, 0.005347516508349171, 0.0062484954370378015, -0.0022872822412288666, 4.785939873581612e-05, 0.0005717966530412752, -0.0005158103983194235, -0.00010260358022156665, 9.734004945759802e-05]}