{"method": "Zhao-Burge", "version": "2", "xfvc_scale": -5400, "yfvc_scale": 5400, "xfvc_offset": 347.0, "yfvc_offset": 268.0, "scale": 1.0333300354364285, "rotation": -1.5632919927003337, "offset_x": 0.007772259992604014, "offset_y": -0.03086442787870139, "zbpolids": [0, 1, 2, 3, 4, 5, 6, 9, 20, 27, 28, 29, 30], "zbcoeffs": [-0.0017962905795657995, 0.0004641103546401257, 0.0012996788818606512, -0.00032122308766785733, 0.0009371569892575358, 0.000541195070297929, -0.0008948185470513167, 0.0001298961355584122, 3.2574112017736765e-05, -0.00017972288549602993, -0.0005595939501502595, 0.00025396631970263904, -5.7965893639229386e-05], "meandistance": 25.782032559635493, "mediandistance": 18.571487776510608, "rmsdistance": 30.98641714301509, "nmatch": 44}