{"method": "Zhao-Burge", "version": "2", "xfvc_scale": -5400, "yfvc_scale": 5400, "xfvc_offset": 347.0, "yfvc_offset": 268.0, "scale": 1.0329608722525159, "rotation": -1.5630741645064308, "offset_x": 0.007802060760297189, "offset_y": -0.030598394182586336, "zbpolids": [0, 1, 2, 3, 4, 5], "zbcoeffs": [0.0010222419300036872, 0.0010154852468008682, -0.00035157631473745516, -0.0009630812072359972, -0.0005521231851632796, 0.0006045501264271478], "meandistance": 25.782032559635493, "mediandistance": 18.571487776510608, "rmsdistance": 30.98641714301509, "nmatch": 44}