{"method": "Zhao-Burge", "version": "1", "scale": 0.9997820525712942, "rotation": 0.005681777255402185, "offset_x": 0.006739818623335941, "offset_y": -0.012235804651963243, "zbcoeffs": [0.09184669665602942, 0.00018371725544331826, 0.00015080576388019153, 0.011084135957132325, 0.00012611386283636384, 4.504109684480743e-06, 5.486456535214046e-05, 1.701844788654075e-05]}