{"method": "xy polynomial", "degree": 3, "fvc2fp_x_coeff": [-3.0281318912211788, 2.640519861365533, -0.28010467375250414, 0.11286972184529986, 455.9006873486346, -0.41274737999116695, 27.692218725701423, -0.7799420568575677, 0.08717200204563369, 27.740637341178626], "fvc2fp_y_coeff": [-5.625558728065442, 456.0154711668438, -0.7721092578822493, 27.570368755363234, -2.582289777004405, -0.5464191664896134, -0.1660729901832383, -0.3160156132491494, 27.63143207098892, -0.13284182196343863], "fp2fvc_x_coeff": [2980.2917942460335, 19.007195358688477, -0.792992128059268, -1.7374548204243183, 0.20962223410606384, 0.3149481527507305, -0.06372177600860596, -0.03471223823726177, 0.008457235991954803, -3289.502285372466, 2.069100063701626, 234.6908210485708, -0.3118812080938369, -40.51469608256593, -0.20508754160255194, 4.465611952356994, 0.08054640470072627, -1.8914139261469245, -2.0179089996090624, 1.1471931543201208, 0.759474786114879, -0.5796277038753033, -0.13965945335803553, 0.12708587478846312, 236.55498351017013, -0.40349789714673534, -83.20711715100333, -0.3363110215286724, 14.705855352804065, 0.2481284997484181, 0.8772727530449629, 0.4521050962503068, -0.9714590553194284, -0.1576426516403444, 0.34701755456626415, -43.318336236290634, -0.148688719375059, 15.496527871349826, 0.25127239295397885, -0.47269510105252266, -0.06728594560991041, 0.34460676927119493, 5.702685032971203, 0.0845400522230193, 0.13134883157908916], "fp2fvc_y_coeff": [3037.114501085918, 3288.690643155249, -1.8519739601761103, -234.9076705602929, 0.26693856716156006, 42.765620762482285, 0.2578448951244354, -5.604914859402925, -0.12978123128414154, 18.676323140014574, 1.5078203677985584, -1.2440546515281312, -0.818462690571323, 0.22145166853442788, 0.42128254752606153, -0.04347481479635462, -0.10557668656110764, -0.10984918801113963, -234.17221648304258, 0.20970872603356838, 82.73773705819622, 0.5230206046253443, -15.348137493943796, -0.3323965035378933, -1.5491533494496252, -0.7810059298208216, 0.5000964456703514, 0.8087047045119107, -0.10044801124604419, -0.29608571832068264, -0.06982307881116867, 40.57531060115434, 0.33422032929956913, -14.68224460282363, -0.33490596804767847, 0.2930600836407393, 0.40228556760121137, -0.11282946728169918, -0.2825758345716167, 0.06020914390683174, -4.4950616345740855, -0.1285467017441988, -0.037488225381821394, -0.08790110783593263, -0.01169043779373169]}