PETAL_ID,PETAL_LOC,DEVICE_LOC,DEVICE_TYPE,PINHOLE_ID,X_PTL,Y_PTL,Z_PTL,X_MNT,Y_MNT,Z_MNT,PTL_SOURCE,PROJ_DISTANCE,PROVENANCE,NOTES,X_FP,Y_FP,Z_FP,LOCATION
3,3,,GFA,1,348.7646489271906,210.07021109830475,-20.952542536599914,,,,Calculated,,DESI-5784,GFA 02,348.7069957552086,210.11802993700442,-20.952542536599914,
3,3,,GFA,2,330.6343889792844,234.85413180780674,-20.767164722593968,,,,Calculated,,DESI-5784,GFA 02,330.57150437521096,234.89812283270527,-20.767164722593968,
3,3,,GFA,3,318.21186345059124,225.7579916824061,-19.332358573025797,,,,Calculated,,DESI-5784,GFA 02,318.1508993002803,225.7993605397028,-19.332358573025797,
3,3,,GFA,4,336.34214221331854,200.97405013784305,-19.51773638703174,,,,Calculated,,DESI-5784,GFA 02,336.28640949949687,201.0192468129131,-19.51773638703174,
2,7,,GFA,1,349.0442604624003,209.67278762333683,-20.952542536599914,,,,Calculated,,DESI-5784,GFA 01,-405.57258141782,35.467524791165324,-20.952542536599914,
2,7,,GFA,2,331.0074747154642,234.5277180713316,-20.767164722593968,,,,Calculated,,DESI-5784,GFA 01,-405.5943061844629,4.757709817934856,-20.767164722593968,
2,7,,GFA,3,318.5502509573902,225.47680538480785,-19.332358573025797,,,,Calculated,,DESI-5784,GFA 01,-390.1962076002043,4.7556586590417735,-19.332358573025797,
2,7,,GFA,4,336.5870554406399,200.62185402870304,-19.51773638703174,,,,Calculated,,DESI-5784,GFA 01,-390.1744856980506,35.465501560630834,-19.51773638703174,
