{"method": "Zhao-Burge", "version": "2", "xfvc_scale": -3000.0, "yfvc_scale": 3000.0, "xfvc_offset": 3000.0, "yfvc_offset": 3000.0, "scale": 1.0360859195890404, "rotation": -0.005866857237265706, "offset_x": -0.007425372880912542, "offset_y": -0.02089828342014123, "zbpolids": [0, 1, 2, 3, 4, 5, 6, 9, 20, 28, 29, 30], "zbcoeffs": [-0.0003459588062439672, -0.0005884678696612791, -0.00516717152865702, 3.6643722563630587e-05, 1.3579755736045173e-05, 4.6113306313005055e-05, -0.00012622561975070444, 0.007607252496812316, 7.030869464144586e-05, 0.00011148682105972666, 3.259858574065826e-05, -9.610269584221252e-06]}