{"method": "Zhao-Burge", "version": "2", "xfvc_scale": -3000.0, "yfvc_scale": 3000.0, "xfvc_offset": 3000.0, "yfvc_offset": 3000.0, "scale": 1.0360859195871759, "rotation": -0.0058668572341911375, "offset_x": -0.007425372883534545, "offset_y": -0.020898283420238962, "zbpolids": [0, 1, 2, 3, 4, 5, 6, 9, 20, 27, 28, 29, 30], "zbcoeffs": [-0.0003465378053119305, -0.0005882077958464014, -0.005167170337119839, 3.6751318900249274e-05, 1.3430809586773682e-05, 4.595410901107655e-05, -0.00012589195461872445, 0.007607247736436465, 7.030436584887958e-05, -4.741016754915901e-06, 0.00011151638163647945, 3.267027663927492e-05, -6.8549873669443135e-06]}