{"method": "Ray Trace fit with Zhao-Burge", "version": "1", "adc1": [-0.0, -10.0, -20.0, -30.0, -40.0, -50.0, -60.0, -70.0, -80.0, -90.0, -100.0, -110.0, -120.0, -130.0, -140.0, -150.0, -160.0, -170.0, -180.0], "adc2": [0.0, 10.0, 20.0, 30.0, 40.0, 50.0, 60.0, 70.0, 80.0, 90.0, 100.0, 110.0, 120.0, 130.0, 140.0, 150.0, 160.0, 170.0, 180.0], "scale": [1.0, 1.0, 1.0, 1.0, 1.0, 1.0, 1.0, 1.0, 1.0, 1.0, 1.0, 1.0, 1.0, 1.0, 1.0, 1.0, 1.0, 1.0, 1.0], "rotation": [0.0, 0.0, 0.0, 0.0, 0.0, 0.0, 0.0, 0.0, 0.0, 0.0, 0.0, 0.0, 0.0, 0.0, 0.0, 0.0, 0.0, 0.0, 0.0], "offset_x": [0.0, 0.0, 0.0, 0.0, 0.0, 0.0, 0.0, 0.0, 0.0, 0.0, 0.0, 0.0, 0.0, 0.0, 0.0, 0.0, 0.0, 0.0, 0.0], "offset_y": [0.0, 0.0, 0.0, 0.0, 0.0, 0.0, 0.0, 0.0, 0.0, 0.0, 0.0, 0.0, 0.0, 0.0, 0.0, 0.0, 0.0, 0.0, 0.0], "zbpolids": [0, 1, 2, 3, 4, 5, 6, 9, 14, 15, 20, 27, 28, 29, 30], "zbcoeffs": [2.109037968584159e-05, -2.007789385644744e-18, -0.057195299758755265, -4.75663602507358e-18, 2.877785763667335e-08, 3.032001123208907e-18, 4.997270825628695e-06, 0.0061577616844233594, -1.539273371045758e-07, -3.826900815683166e-18, 4.512874901675721e-05, -7.6959747986139e-19, -1.3745867990136809e-06, -2.280220206338057e-18, -2.565299261018895e-19, 2.077260991248294e-05, -0.0021587561246035865, -0.05719508155549749, -1.0744592253155291e-06, -1.1826192457663735e-07, -5.499591910168346e-05, 4.9217130244510735e-06, 0.006157764274014932, -1.5156787449669193e-07, -6.15725874973003e-07, 4.512733251766204e-05, 4.331007996711871e-07, -1.3537224174205798e-06, 1.766426950153465e-05, 2.5187063813182228e-08, 1.9828248114397887e-05, -0.004251918300182981, -0.057194453269130856, -2.019302471049585e-06, -5.416452224624375e-07, -0.00010832051389780387, 4.697239323967373e-06, 0.006157771729593686, -1.4456553679934225e-07, -1.212641955010091e-06, 4.512325404290675e-05, 8.139610417403723e-07, -1.2917591981334213e-06, 3.47916827090935e-05, 4.73381394841929e-08, 1.8284054635253847e-05, -0.0062158859479943054, -0.05719349069260654, -2.7205475691218958e-06, -1.1903034319599563e-06, -0.0001583533229845448, 4.330407750331619e-06, 0.006157783149734512, -1.3314499250242926e-07, -1.7725369334822184e-06, 4.5117005932146533e-05, 1.0966429113809117e-06, -1.1905688755362864e-06, 5.086173222429228e-05, 6.378357833105837e-08, 1.618430765278137e-05, -0.007990984573546835, -0.0571923099409061, -3.0935944894675085e-06, -1.9859958141477187e-06, -0.00020357404375046442, 3.832005746374493e-06, 0.0061577971544887035, -1.1766950358952219e-07, -2.278371072202038e-06, 4.510934220647214e-05, 1.2470530298929128e-06, -1.0532111158440276e-06, 6.538610179814232e-05, 7.254212035913411e-08, 1.359016555158004e-05, -0.009523279034738881, -0.057191053439305264, -3.0934300195858716e-06, -2.8327473958164246e-06, -0.00024260874763267393, 3.216818493687111e-06, 0.006157812052941446, -9.862552141370335e-08, -2.7148011871503814e-06, 4.510118733655422e-05, 1.2470542392495698e-06, -8.83844627083772e-07, 7.792351335069605e-05, 7.255975473785697e-08, 1.0578516384387427e-05, -0.010766212245107062, -0.057189872740505306, -2.7200579069192315e-06, -3.6284255853985813e-06, -0.0002742716047238817, 2.5032757439120423e-06, 0.006157826047890914, -7.660354416922874e-08, -3.068639679035162e-06, 4.50935245553101e-05, 1.0966516936730306e-06, -6.876048510965368e-07, 8.809312500066153e-05, 6.383660293159962e-08, 7.240159747086016e-06, -0.011682019544773554, -0.05718891024513726, -2.0184993274615644e-06, -4.277058927037483e-06, -0.0002976008557168868, 1.7129621455765048e-06, 0.006157837452623751, -5.227698758100528e-08, -3.329235616162002e-06, 4.508727727613708e-05, 8.139902749781038e-07, -4.7045085807170427e-07, 9.558607568062521e-05, 4.7426608951758406e-08, 3.6772375029359676e-06, -0.012242875829123777, -0.05718828203042178, -1.073363394402656e-06, -4.700412166551045e-06, -0.00031188795397676505, 8.699871148349393e-07, 0.006157844893641417, -2.6380565421093956e-08, -3.488771565251853e-06, 4.508319792126803e-05, 4.331645461780276e-07, -2.389853059393387e-07, 0.0001001748328170208, 2.5310188982110092e-08, -5.937328386807163e-11, -0.012431740669092353, -0.05718806385609175, 1.3575930205596076e-09, -4.847421774253695e-06, -0.0003166990138379989, 2.2651881144985318e-10, 0.006157847475224259, 3.108535174617849e-10, -3.5424743192575383e-06, 4.5081777477318824e-05, 1.0608691093037591e-10, -2.52659604392115e-10, 0.00010172006894892787, 1.5528891670062098e-10, -3.6773569505001755e-06, -0.012242875833336607, -0.05718828203241386, 1.0760373631748706e-06, -4.700354266575956e-06, -0.0003118879350022303, -8.695338771023466e-07, 0.006157844886503474, 2.7002585679960854e-08, -3.4887402625569054e-06, 4.5083186550784994e-05, -4.32955583636781e-07, 2.384778903421296e-07, 0.00010017486823138352, -2.5004309052444795e-08, -7.2402812131269765e-06, -0.011682019552691124, -0.05718891024905185, 2.0210508880866012e-06, -4.276944900005159e-06, -0.00029760082005641326, -1.712508331729912e-06, 0.006157837438580193, 5.2899909582112763e-08, -3.3291767863167608e-06, 4.50872549062602e-05, -8.137908519289005e-07, 4.699374061945476e-07, 9.558614223793182e-05, -4.71346854770321e-08, -1.057864094294133e-05, -0.010766212255774423, -0.05718987274620795, 2.72240956403735e-06, -3.628258919930658e-06, -0.000274271556678647, -2.502821047643357e-06, 0.006157826027395076, 7.722784732181015e-08, -3.068560417759169e-06, 4.5093491909894196e-05, -1.0964678573562409e-06, 6.870821512213764e-07, 8.809321467325886e-05, -6.356748537708406e-08, -1.3590293903752683e-05, -0.009523279046869471, -0.05719105344660399, 3.0955103192976767e-06, -2.832533183211842e-06, -0.0002426086929976038, -3.2163627153768655e-06, 0.006157812026646914, 9.925151814757997e-08, -2.714711054493248e-06, 4.5101145458624245e-05, -1.2468915754373637e-06, 8.833105830583582e-07, 7.792361532284992e-05, -7.23216200934331e-08, -1.618444004210636e-05, -0.007990984585677497, -0.05719230994956318, 3.0953401904216015e-06, -1.985740586970569e-06, -0.00020357398911535006, -3.831548817060803e-06, 0.006157797123221022, 1.1829730177902704e-07, -2.2782809394922094e-06, 4.510929241269469e-05, -1.2469164931545563e-06, 1.052664999855856e-06, 6.538620377056204e-05, -7.234222468973814e-08, -1.828419081833803e-05, -0.006215885958661925, -0.05719349070235033, 2.721905572758133e-06, -1.190014958835213e-06, -0.00015835327493920012, -4.329949739880932e-06, 0.006157783114459226, 1.33774482761425e-07, -1.7724576720539043e-06, 4.511694976106405e-05, -1.0965366713180265e-06, 1.190011415834185e-06, 5.086182189753791e-05, -6.362803082048121e-08, -1.9828387390244683e-05, -0.00425191830810081, -0.05719445327966507, 2.020231450076311e-06, -5.413322686319508e-07, -0.00010832047823722515, -4.696780432487525e-06, 0.006157771691382544, 1.4519640589931064e-07, -1.2125831249972498e-06, 4.512319320124188e-05, -8.13888350666641e-07, 1.2911924911086508e-06, 3.479174926714965e-05, -4.7231707331136934e-08, -2.0772751207012418e-05, -0.0021587561288165954, -0.05719508156651109, 1.0749308968376878e-06, -1.1793398510284225e-07, -5.499590012708825e-05, -4.921253558094738e-06, 0.006157764234013634, 1.5219964331079352e-07, -6.156945721573306e-07, 4.512726882848003e-05, -4.330638872862724e-07, 1.35314967471759e-06, 1.766430491637822e-05, -2.5133016390048775e-08, -2.1090521681445133e-05, -7.497654139204328e-18, -0.057195299769929236, -1.788222057654142e-18, 2.9110842180391513e-08, 2.9479152691832578e-18, -4.996811159628484e-06, 0.006157761643820554, 1.5455941833190698e-07, -2.107252215878977e-18, 4.51286843709907e-05, 2.0461030240658647e-19, 1.3740119601500873e-06, 2.113214299182364e-18, -1.962329544156713e-18]}