{"method": "Ray Trace fit with Zhao-Burge", "version": "1", "adc1": [90.0, 80.0, 70.0, 60.0, 50.0, 40.0, 30.0, 20.0, 10.0, 0.0], "adc2": [-90.0, -80.0, -70.0, -60.0, -50.0, -40.0, -30.0, -20.0, -10.0, -0.0], "scale": [1.1056696496175709, 1.1082411526320808, 1.0823744155524484, 1.0000532036874104, 1.000040011204639, 1.0000270787671413, 1.0000158541803321, 1.000007263155217, 1.0000018515211424, 0.999999999015245], "rotation": [-9.245154928335845e-09, 6.296532908039017e-07, 1.1966948050347015e-06, 1.6524515154370263e-06, 1.8795262084684257e-06, 1.8788726467720583e-06, 1.6508068044849474e-06, 1.223019800422723e-06, 6.471722225683705e-07, -2.0887067753014598e-08], "offset_x": [-6.901127281890745e-09, 3.7083686944943687e-06, 7.365886939704098e-06, 1.1073557054151685e-05, 1.4224386640052487e-05, 1.693625389932828e-05, 1.9129532339282274e-05, 2.0741370493448265e-05, 2.172670739776724e-05, 2.1958420181520507e-05], "offset_y": [0.012855888972685808, 0.012660522869734948, 0.012081137129728161, 0.011136080746110612, 0.009850457224508382, 0.00826552840904392, 0.006429448734311283, 0.004398005530989606, 0.0022329308500610716, -6.316052881972135e-09], "zbpolids": [2, 5, 6, 9, 20, 28, 29, 30], "zbcoeffs": [-0.09897930014639807, -7.927434516196134e-05, 3.0686976111876385e-09, 0.005071846050865707, 3.266237063943275e-05, 1.5567716639670734e-09, -8.966875293054378e-05, -1.91655094509611e-09, -0.10045727998740864, -7.770657671808475e-05, 6.692665953983487e-07, 0.005035884887587174, 3.2288438981321725e-05, -1.8777563661834845e-07, -8.789731532960253e-05, -1.9424863250474597e-08, -0.08524804606068467, -7.77508017892355e-05, 1.3733331966060914e-06, 0.0054138381255174955, 3.6346008325942496e-05, -3.931307702941209e-07, -8.792786347359852e-05, -3.759121169953296e-08, -0.031184695906798166, -8.400913462403614e-05, 2.328592742885118e-06, 0.006902571844182006, 5.4003462506739936e-05, -6.850578198429357e-07, -9.492483232705701e-05, -6.153569239108918e-08, -0.03117557302504929, -7.431292847027473e-05, 2.9777278090681555e-06, 0.006902870315189175, 5.4036494322904416e-05, -8.96028727942137e-07, -8.39693770795374e-05, -6.960968298217833e-08, -0.031166656033103216, -6.235799922276498e-05, 3.5290333566457083e-06, 0.006903164492743098, 5.407139996705437e-05, -1.0871904468046862e-06, -7.046161133455905e-05, -6.929960606869176e-08, -0.0311589403645494, -4.850725280863419e-05, 3.9688889237309335e-06, 0.00690342126973844, 5.410399853228787e-05, -1.2495864371169948e-06, -5.481149480637199e-05, -6.076418663353451e-08, -0.031153050485109444, -3.318149799910105e-05, 4.288218779932303e-06, 0.006903618747190888, 5.4130453225526186e-05, -1.373987085745119e-06, -3.74944748835381e-05, -4.512721865415867e-08, -0.03114934612899604, -1.6847209422096302e-05, 4.481605739072772e-06, 0.006903743478283363, 5.414764703941271e-05, -1.4523275009644453e-06, -1.9036628225778668e-05, -2.4297411328810704e-08, -0.03114807886969774, 5.665397372238269e-10, 4.555289351336709e-06, 0.0069037862393236, 5.415363534619888e-05, -1.473541227490135e-06, -3.5136698298224366e-10, -2.064161765251412e-09]}