{"method": "Ray Trace fit with Zhao-Burge", "version": "1", "adc1": [-0.0, -10.0, -20.0, -30.0, -40.0, -50.0, -60.0, -70.0, -80.0, -90.0], "adc2": [0.0, 10.0, 20.0, 30.0, 40.0, 50.0, 60.0, 70.0, 80.0, 90.0], "scale": [1.0, 1.0, 1.0, 1.0, 1.0, 1.0, 1.0, 1.0, 1.0, 1.0], "rotation": [0.0, 0.0, 0.0, 0.0, 0.0, 0.0, 0.0, 0.0, 0.0, 0.0], "offset_x": [0.0, 0.0, 0.0, 0.0, 0.0, 0.0, 0.0, 0.0, 0.0, 0.0], "offset_y": [0.0, 0.0, 0.0, 0.0, 0.0, 0.0, 0.0, 0.0, 0.0, 0.0], "zbpolids": [0, 1, 2, 3, 4, 5, 6, 9, 14, 15, 20, 27, 28, 29, 30], "zbcoeffs": [2.1090379685841564e-05, -1.9166132369963987e-18, -0.057195299758755085, -4.7772769419062804e-18, 2.877785753532928e-08, 2.492497467881255e-18, 4.99727082562875e-06, 0.0061577616844233395, -1.5392733710453967e-07, -3.62745451389608e-18, 4.5128749016718114e-05, -6.445445716936285e-19, -1.3745867990135955e-06, -1.921881203435461e-18, -3.4128654767219687e-19, 2.0772609912483535e-05, -0.0021587561246035865, -0.05719508155549752, -1.074459225315259e-06, -1.1826192457397517e-07, -5.499591910168378e-05, 4.921713024450719e-06, 0.006157764274014934, -1.5156787449664844e-07, -6.157258749729601e-07, 4.5127332517659156e-05, 4.331007996713622e-07, -1.3537224174207966e-06, 1.766426950153435e-05, 2.518706381313286e-08, 1.9828248114397887e-05, -0.004251918300182981, -0.05719445326913088, -2.0193024710496087e-06, -5.416452224802369e-07, -0.00010832051389780236, 4.6972393239675565e-06, 0.006157771729593674, -1.4456553679935898e-07, -1.2126419550111318e-06, 4.51232540429142e-05, 8.139610417403613e-07, -1.2917591981335846e-06, 3.4791682709094104e-05, 4.733813948416093e-08, 1.8284054635253783e-05, -0.0062158859479943054, -0.057193490692606555, -2.720547569121883e-06, -1.1903034319343156e-06, -0.0001583533229845453, 4.330407750331643e-06, 0.0061577831497345095, -1.3314499250225482e-07, -1.7725369334824513e-06, 4.511700593215684e-05, 1.0966429113809007e-06, -1.1905688755362334e-06, 5.086173222429188e-05, 6.378357833112117e-08, 1.61843076527814e-05, -0.007990984573546835, -0.057192309940906204, -3.093594489467294e-06, -1.9859958141552094e-06, -0.00020357404375046377, 3.832005746374452e-06, 0.006157797154488716, -1.176695035896194e-07, -2.278371072202521e-06, 4.510934220648941e-05, 1.2470530298928651e-06, -1.0532111158440164e-06, 6.538610179814312e-05, 7.254212035922785e-08, 1.3590165551580032e-05, -0.009523279034738881, -0.05719105343930532, -3.093430019585908e-06, -2.832747395810858e-06, -0.0002426087476326732, 3.2168184936869585e-06, 0.006157812052941452, -9.862552141356124e-08, -2.714801187150622e-06, 4.510118733657014e-05, 1.2470542392494313e-06, -8.838446270838113e-07, 7.792351335069586e-05, 7.255975473813345e-08, 1.0578516384387422e-05, -0.010766212245107064, -0.05718987274050528, -2.7200579069192463e-06, -3.6284255854226947e-06, -0.00027427160472388336, 2.503275743912426e-06, 0.006157826047890913, -7.660354416936296e-08, -3.068639679033574e-06, 4.5093524555295905e-05, 1.0966516936732671e-06, -6.876048510966795e-07, 8.809312500066233e-05, 6.383660293153788e-08, 7.2401597470859395e-06, -0.011682019544773554, -0.0571889102451374, -2.018499327461545e-06, -4.2770589270052e-06, -0.0002976008557168852, 1.7129621455762337e-06, 0.0061578374526237226, -5.227698758067003e-08, -3.329235616162019e-06, 4.508727727620251e-05, 8.139902749778498e-07, -4.7045085807151925e-07, 9.558607568062682e-05, 4.742660895188472e-08, 3.677237502935952e-06, -0.012242875829123777, -0.05718828203042164, -1.0733633944025068e-06, -4.70041216658396e-06, -0.0003118879539767638, 8.699871148347678e-07, 0.006157844893641409, -2.638056542086998e-08, -3.4887715652528097e-06, 4.5083197921226746e-05, 4.3316454617786175e-07, -2.389853059394446e-07, 0.00010017483281702081, 2.5310188982341388e-08, -5.937328387703114e-11, -0.012431740669092353, -0.0571880638560919, 1.357593020769468e-09, -4.8474217742571244e-06, -0.0003166990138379985, 2.2651881117515314e-10, 0.006157847475224281, 3.108535176082015e-10, -3.5424743192589635e-06, 4.508177747734544e-05, 1.0608691090131828e-10, -2.526596043065539e-10, 0.00010172006894892748, 1.5528891673130398e-10]}