{"method": "Ray Trace fit with Zhao-Burge", "version": "1", "adc1": [-0.0, -10.0, -20.0, -30.0, -40.0, -50.0, -60.0, -70.0, -80.0, -90.0, -100.0, -110.0, -120.0, -130.0, -140.0, -150.0, -160.0, -170.0, -180.0], "adc2": [0.0, 10.0, 20.0, 30.0, 40.0, 50.0, 60.0, 70.0, 80.0, 90.0, 100.0, 110.0, 120.0, 130.0, 140.0, 150.0, 160.0, 170.0, 180.0], "scale": [1.0, 1.0, 1.0, 1.0, 1.0, 1.0, 1.0, 1.0, 1.0, 1.0, 1.0, 1.0, 1.0, 1.0, 1.0, 1.0, 1.0, 1.0, 1.0], "rotation": [0.0, 0.0, 0.0, 0.0, 0.0, 0.0, 0.0, 0.0, 0.0, 0.0, 0.0, 0.0, 0.0, 0.0, 0.0, 0.0, 0.0, 0.0, 0.0], "offset_x": [0.0, 0.0, 0.0, 0.0, 0.0, 0.0, 0.0, 0.0, 0.0, 0.0, 0.0, 0.0, 0.0, 0.0, 0.0, 0.0, 0.0, 0.0, 0.0], "offset_y": [0.0, 0.0, 0.0, 0.0, 0.0, 0.0, 0.0, 0.0, 0.0, 0.0, 0.0, 0.0, 0.0, 0.0, 0.0, 0.0, 0.0, 0.0, 0.0], "zbpolids": [0, 1, 2, 3, 4, 5, 6, 9, 14, 15, 20, 27, 28, 29, 30], "zbcoeffs": [2.121500611354903e-05, -1.0725394192231725e-18, -0.057211845322912146, -1.755126062593474e-18, 2.886993331286046e-08, 2.6469458833229624e-18, 4.925151717840638e-06, 0.006146477046378459, -1.4715601288236628e-07, 8.941365904581935e-19, 5.272088058810572e-05, 8.684897827159324e-19, -1.3381671128497761e-06, -2.0268784007381747e-18, 1.9029256368914465e-18, 2.0895288897369486e-05, -0.0021344848345455393, -0.05721162928637158, -1.0544778258711284e-06, -1.159981637466367e-07, -5.448351030647825e-05, 4.850682894447032e-06, 0.00614648050021676, -1.4490024850817742e-07, -7.434974215485273e-07, 5.2719796638560194e-05, 4.217120931597331e-07, -1.3178554215467569e-06, 1.731221174124346e-05, 2.4396757731541188e-08, 1.9945158552766168e-05, -0.004204113253439272, -0.057211007238419626, -1.9817503152565935e-06, -5.331285719196473e-07, -0.00010731131362488599, 4.629444707265429e-06, 0.00614649044445699, -1.3820600896165788e-07, -1.4643240865150261e-06, 5.2716675747794094e-05, 7.925576053788876e-07, -1.257533559771272e-06, 3.409826627537042e-05, 4.585316957287402e-08, 1.8391590613030874e-05, -0.006145999784988008, -0.05721005421855664, -2.6699551512774837e-06, -1.1722074565269889e-06, -0.00015687807847920588, 4.267901429659823e-06, 0.006146505677916087, -1.2728902289934154e-07, -2.1405193311785647e-06, 5.271189487361888e-05, 1.0678069029056085e-06, -1.1590236065257696e-06, 4.984802966933685e-05, 6.178367051235322e-08, 1.6279202620240828e-05, -0.007901140875003357, -0.057208885187944564, -3.0360656531069047e-06, -1.9561501504235514e-06, -0.00020167767565883524, 3.776686045445782e-06, 0.006146524361171206, -1.1249782774109841e-07, -2.751515407026053e-06, 5.2706031200633446e-05, 1.2142632263240348e-06, -1.025304076588013e-06, 6.408291793449209e-05, 7.026936788762836e-08, 1.3669591578174452e-05, -0.009416207764262184, -0.05720764115737458, -3.0359056740533047e-06, -2.7903993106825144e-06, -0.00024034895936801465, 3.1703715960085644e-06, 0.0061465442393186225, -9.429865839552261e-08, -3.278768131472955e-06, 5.269979217661455e-05, 1.214266336947296e-06, -8.604234118153691e-07, 7.637044819444014e-05, 7.028937386912624e-08, 1.0640155478190455e-05, -0.010645166771598451, -0.05720647217535558, -2.6694787806734866e-06, -3.5743303501873014e-06, -0.00027171710687484376, 2.467122790628764e-06, 0.0061465629145358094, -7.325676386376393e-08, -3.7063147068241294e-06, 5.2693929961319816e-05, 1.0678211357205509e-06, -6.693809412063576e-07, 8.633736962192677e-05, 6.184369742971001e-08, 7.2822489863211305e-06, -0.011550677773702299, -0.05720551923004711, -1.9809687480832365e-06, -4.2133883025761005e-06, -0.00029482926542594265, 1.6882131680432403e-06, 0.006146578135300713, -5.001593139840983e-08, -4.0212433048708965e-06, 5.268915071562312e-05, 7.925951775809208e-07, -4.5797785409592667e-07, 9.368097779623425e-05, 4.5952956648367405e-08, 3.6985933871262294e-06, -0.012105228451221504, -0.057204897247932755, -1.0534110746087449e-06, -4.630492235622858e-06, -0.0003089834365723125, 8.574039754194838e-07, 0.006146588067384019, -2.5277725529745474e-08, -4.214064304917227e-06, 5.268602967293601e-05, 4.217862500529981e-07, -2.3264194050063964e-07, 9.817827585091255e-05, 2.4535054297484557e-08, -3.026513899048087e-11, -0.012291969921985143, -0.057204681238006094, 1.3219729530706924e-09, -4.775331847331235e-06, -0.00031374973838496455, 1.96878013065622e-10, 0.0061465915142026924, 2.186058430019611e-10, -4.278977542993837e-06, 5.268494212743253e-05, 1.1788346070504123e-10, -2.3115298817948428e-10, 9.969271381049871e-05, 1.7377455283609842e-10, -3.6986545405070035e-06, -0.012105228455393604, -0.05720489724986872, 1.0560148791997306e-06, -4.630435201768138e-06, -0.000308983417634982, -8.57010004808768e-07, 0.0061465880603713855, 2.5715274742140265e-08, -4.214033063754807e-06, 5.268601849652048e-05, -4.2155405507120715e-07, 2.3217774026967145e-07, 9.817831109078586e-05, -2.419276859334648e-08, -7.282311933860205e-06, -0.01155067778154335, -0.0572055192338512, 1.983453341410614e-06, -4.213275981446029e-06, -0.0002948292298354014, -1.6878185796332324e-06, 0.006146578121503907, 5.04544522908783e-08, -4.021184590686648e-06, 5.2689128727986404e-05, -7.923735925295395e-07, 4.575081995656045e-07, 9.368104402562879e-05, -4.5626305694166644e-08, -1.0640221174642655e-05, -0.01064516678216274, -0.057206472180896764, 2.6717686957980643e-06, -3.574166178223261e-06, -0.0002717170589238348, -2.4667272559699996e-06, 0.006146562894400712, 7.369677299311505e-08, -3.7062356014057674e-06, 5.269389787463035e-05, -1.0676168834638063e-06, 6.68902930210341e-07, 8.633745885270801e-05, -6.154258968347691e-08, -1.3669660646831787e-05, -0.009416207776275531, -0.05720764116446568, 3.0379313330906882e-06, -2.790188303353283e-06, -0.0002403489048401306, -3.1699749010543702e-06, 0.006146544213487683, 9.474049238728747e-08, -3.278678176106392e-06, 5.269975101688846e-05, -1.2140856235670168e-06, 8.599351500721673e-07, 7.637054966417185e-05, -7.002295832351137e-08, -1.6279275277725315e-05, -0.007901140887016768, -0.0572088851963545, 3.0377654812649896e-06, -1.9558987426374673e-06, -0.0002016776211309507, -3.7762881162818437e-06, 0.006146524330456017, 1.1294160280000226e-07, -2.7514254516564325e-06, 5.2705982262664426e-05, -1.2141115525912514e-06, 1.0248049062163842e-06, 6.408301940447192e-05, -7.004575607878838e-08, -1.839166664308787e-05, -0.006145999795552528, -0.057210054228021036, 2.671277454803635e-06, -1.1719233007585949e-06, -0.00015687803052817916, -4.267502341233205e-06, 0.006146505643265284, 1.2773462111193832e-07, -2.1404402257453394e-06, 5.27118396698485e-05, -1.0676888944896245e-06, 1.1585141853826377e-06, 4.984811890075098e-05, -6.160968561666277e-08, -1.9945237332293886e-05, -0.0042041132612805785, -0.05721100724865089, 1.9826548642629176e-06, -5.328203021315231e-07, -0.00010731127803432031, -4.6290446741571264e-06, 0.006146490406923451, 1.3865309281491632e-07, -1.4642653723155963e-06, 5.27166159555905e-05, -7.92476867693916e-07, 1.2570157821083214e-06, 3.40983325054829e-05, -4.5734131358974174e-08, -2.0895369471554875e-05, -0.002134484838717836, -0.05721162929706757, 1.0549370907357423e-06, -1.1567513286972807e-07, -5.448349136914244e-05, -4.85028224493095e-06, 0.0061464804609254655, 1.453483017484245e-07, -7.434661803661631e-07, 5.2719734049137746e-05, -4.2167109653130194e-07, 1.3173321895552304e-06, 1.7312246981594325e-05, -2.4336311980714324e-08, -2.1215087311031122e-05, -3.94373218680648e-18, -0.057211845333764125, -2.705639817212906e-18, 2.919793362689004e-08, 3.2990012338869514e-18, -4.924750854275364e-06, 0.0061464770064966435, 1.4760440273677163e-07, -1.6414945855162017e-18, 5.272081705912553e-05, 1.6222440036928074e-18, 1.3376419865832613e-06, 2.1021121162359655e-18, 1.2253061494658138e-18]}