{"method": "Ray Trace fit with Zhao-Burge", "version": "1", "adc1": [-0.0, -10.0, -20.0, -30.0, -40.0, -50.0, -60.0, -70.0, -80.0, -90.0], "adc2": [0.0, 10.0, 20.0, 30.0, 40.0, 50.0, 60.0, 70.0, 80.0, 90.0], "scale": [0.9999999981496789, 1.0036264189424051, 1.0137938005560048, 1.028905953373615, 1.0468789650875105, 1.0654335417390186, 1.0824439070004854, 1.0959335351266193, 1.1046420622614366, 1.1077949757425278], "rotation": [1.5955694881281186e-13, -1.0119357875387557e-09, -1.878911380655151e-09, -2.135312875717219e-09, -2.225122040319805e-09, -1.931411234384224e-09, 1.1955115201493682e-10, -7.454063389144169e-10, -2.266986967365203e-09, -6.757398493412654e-10], "offset_x": [2.2592719422943002e-05, 2.2225688951898025e-05, 2.1144920409734132e-05, 1.9403105465355853e-05, 1.7076412299752743e-05, 1.4255071334647599e-05, 1.1036256599160786e-05, 7.520008475234059e-06, 3.8057403576727055e-06, -7.162739719426347e-09], "offset_y": [-7.449962641933283e-09, -0.0023154122986452728, -0.004560369642801795, -0.006666585902347558, -0.008570063144929543, -0.01021300213753693, -0.01154556791189202, -0.01252735121828076, -0.013128580885168618, -0.013331035017337471], "zbpolids": [2, 5, 6, 9, 20, 27, 28, 29, 30], "zbcoeffs": [-0.05662086996886389, 1.065004824709766e-09, 4.236535540962388e-06, 0.006173510204546037, 4.5149843675604636e-05, 3.1619096727904623e-15, -1.3748476753580931e-06, -8.363326915383631e-10, -1.522909653969655e-13, -0.0590978318487088, 1.554578570728554e-05, 4.146968126095793e-06, 0.00610525164569118, 4.433552201292695e-05, 4.186449612143331e-07, -1.3401469419454908e-06, 1.7573434019311707e-05, 2.491571430424825e-08, -0.06594063439209948, 3.000590651192607e-05, 3.891079851564834e-06, 0.005919190487395155, 4.214414194115518e-05, 7.7642633072051e-07, -1.2423662800374099e-06, 3.392102547305438e-05, 4.5529798509872396e-08, -0.07584247731781062, 4.258016049497645e-05, 3.4992914326661236e-06, 0.005656427022257802, 3.912127087395458e-05, 1.0262120568789052e-06, -1.096663504187427e-06, 4.8142457126871296e-05, 5.8873750323201066e-08, -0.08721925740829206, 5.286748063825951e-05, 3.0085613822700402e-06, 0.005363877142476498, 3.585678780377715e-05, 1.1410164035344846e-06, -9.213484108264959e-07, 5.9782716388137564e-05, 6.381347286607553e-08, -0.09853285346838438, 6.0817663039095074e-05, 2.4534544069683097e-06, 0.005082745090913054, 3.282237189459485e-05, 1.1154833073568053e-06, -7.327805924834397e-07, 6.878642368845841e-05, 6.078940705531383e-08, -0.10854061886274984, 6.660058500318938e-05, 1.8606208281520606e-06, 0.004842095102634472, 3.0306666592265748e-05, 9.621842509328885e-07, -5.424008972622824e-07, 7.53386449816108e-05, 5.117488055218868e-08, -0.11624134345613013, 7.048943804848678e-05, 1.2485132412646962e-06, 0.004661993617165932, 2.8474186264539053e-05, 7.024027114496498e-07, -3.562810538340198e-07, 7.974634315864318e-05, 3.6689245003038546e-08, -0.121106250523046, 7.270771835001681e-05, 6.273579484142935e-07, 0.004550467358049572, 2.7361431601511635e-05, 3.6888875362708697e-07, -1.7556401481995256e-07, 8.226221560082766e-05, 1.9055825300209996e-08, -0.12284750217628826, 7.340811467170045e-05, 3.0125427230564193e-09, 0.004510970951828889, 2.6971551648770114e-05, -3.6700346444445563e-10, 1.6242681402203386e-09, 8.305595126253028e-05, -8.623423613117204e-11]}