{"method": "Zhao-Burge", "version": "1", "scale": 1.0680063669627482, "rotation": 0.005236305042212609, "offset_x": 0.0023968810093602457, "offset_y": -0.014241784900532663, "zbcoeffs": [-0.02737228318684807, 4.1030544353356375e-05, -5.187348693978243e-06, 0.006923614313114045, 5.8944818079558336e-05, -3.2935764379849753e-06, 1.5654519639285424e-05, 4.969975146961415e-06]}